{
  "version": 1,
  "generated_at": "2026-05-17T02:01:24.926Z",
  "node": "v24.1.0",
  "corpora": [
    {
      "corpus": "self",
      "index": {
        "root": "/private/tmp/dna-p5-ci-perf",
        "files": 162,
        "symbols": 940,
        "edges": 1372,
        "scan_ms": 95.46029099999987,
        "parse_ms": 2206.452917,
        "build_ms": 474.6314170000005,
        "write_ms": 7.09362499999952,
        "total_ms": 2783.63825
      },
      "queries": [
        {
          "tool": "get_context",
          "cold": {
            "n": 15,
            "p50": 266.03570800000034,
            "p95": 345.7725420000006,
            "p99": 345.7725420000006,
            "mean": 243.02558066666668,
            "min": 1.7070829999993293,
            "max": 345.7725420000006
          },
          "warm": {
            "n": 150,
            "p50": 1.2454579999994166,
            "p95": 17.84691600000042,
            "p99": 32.98704199999975,
            "mean": 3.4312821533332922,
            "min": 0.6882920000007289,
            "max": 35.31762499999968
          },
          "tokens_mean": 94.53333333333333,
          "tokens_p95": 210
        },
        {
          "tool": "impact_of",
          "cold": {
            "n": 15,
            "p50": 4.730583000000479,
            "p95": 15.374541999999565,
            "p99": 15.374541999999565,
            "mean": 6.746663933333184,
            "min": 3.1729159999995318,
            "max": 15.374541999999565
          },
          "warm": {
            "n": 150,
            "p50": 2.9181659999994736,
            "p95": 12.58849999999984,
            "p99": 32.50512499999968,
            "mean": 4.927575499999997,
            "min": 1.2939580000002024,
            "max": 75.6396249999998
          },
          "tokens_mean": 70.8,
          "tokens_p95": 120
        },
        {
          "tool": "resolve",
          "cold": {
            "n": 15,
            "p50": 1.1077499999992142,
            "p95": 6.357833000000028,
            "p99": 6.357833000000028,
            "mean": 1.8928695333332144,
            "min": 0.8529579999994894,
            "max": 6.357833000000028
          },
          "warm": {
            "n": 150,
            "p50": 0.0010409999995317776,
            "p95": 0.9619160000002012,
            "p99": 1.6085839999996097,
            "mean": 0.10418640666664336,
            "min": 0.0007919999989098869,
            "max": 1.8137500000011642
          },
          "tokens_mean": 41.8,
          "tokens_p95": 50
        }
      ],
      "five_query_tokens": 572,
      "five_query_ms": 10.6390420000007
    }
  ]
}
